{
  "results": [
    {
      "command": "bunx -b simple-git-hooks",
      "mean": 1.371859026,
      "stddev": 0.014375115036583197,
      "median": 1.369790826,
      "user": 0.5206250000000001,
      "system": 0.7459374999999999,
      "min": 1.354962026,
      "max": 1.394505726,
      "times": [
        1.372945726,
        1.369790826,
        1.394505726,
        1.367090826,
        1.354962026
      ],
      "memory_usage_byte": [
        0,
        0,
        0,
        0,
        0
      ],
      "exit_codes": [
        0,
        0,
        0,
        0,
        0
      ]
    },
    {
      "command": "npx simple-git-hooks",
      "mean": 2.5440600260000004,
      "stddev": 0.03818609855019241,
      "median": 2.522937426,
      "user": 1.62375,
      "system": 1.3896875,
      "min": 2.514687926,
      "max": 2.6041146260000003,
      "times": [
        2.5601556260000002,
        2.522937426,
        2.6041146260000003,
        2.514687926,
        2.5184045260000003
      ],
      "memory_usage_byte": [
        0,
        0,
        0,
        0,
        0
      ],
      "exit_codes": [
        0,
        0,
        0,
        0,
        0
      ]
    }
  ]
}
