{
  "results": [
    {
      "command": "bunx -b tsc --noEmit",
      "mean": 0.954459544,
      "stddev": 0.016800805021099412,
      "median": 0.949006624,
      "user": 2.2678125000000002,
      "system": 0.36343749999999997,
      "min": 0.9360290240000001,
      "max": 0.980667924,
      "times": [
        0.949006624,
        0.9473781240000001,
        0.9360290240000001,
        0.980667924,
        0.9592160240000001
      ],
      "memory_usage_byte": [
        0,
        0,
        0,
        0,
        0
      ],
      "exit_codes": [
        0,
        0,
        0,
        0,
        0
      ]
    },
    {
      "command": "npx -p=typescript tsc --noEmit",
      "mean": 1.9294500639999999,
      "stddev": 0.009833425589437363,
      "median": 1.924261724,
      "user": 2.0584375,
      "system": 1.0603125,
      "min": 1.9220334239999999,
      "max": 1.944708024,
      "times": [
        1.944708024,
        1.924261724,
        1.9220334239999999,
        1.933977424,
        1.922269724
      ],
      "memory_usage_byte": [
        0,
        0,
        0,
        0,
        0
      ],
      "exit_codes": [
        0,
        0,
        0,
        0,
        0
      ]
    }
  ]
}
