{
  "results": [
    {
      "command": "bunx -b tsdown",
      "mean": 1.0621163720000002,
      "stddev": 0.0063469818711731265,
      "median": 1.0633886320000001,
      "user": 1.9475000000000002,
      "system": 0.539375,
      "min": 1.055109332,
      "max": 1.0695484320000002,
      "times": [
        1.0695484320000002,
        1.055109332,
        1.066451532,
        1.0560839320000002,
        1.0633886320000001
      ],
      "memory_usage_byte": [
        0,
        0,
        0,
        0,
        0
      ],
      "exit_codes": [
        0,
        0,
        0,
        0,
        0
      ]
    },
    {
      "command": "npx tsdown",
      "mean": 2.1342538920000003,
      "stddev": 0.016145851639755793,
      "median": 2.1346727320000003,
      "user": 2.2131250000000002,
      "system": 1.0987500000000001,
      "min": 2.113380232,
      "max": 2.1551495320000003,
      "times": [
        2.1346727320000003,
        2.113380232,
        2.1432569320000003,
        2.124810032,
        2.1551495320000003
      ],
      "memory_usage_byte": [
        0,
        0,
        0,
        0,
        0
      ],
      "exit_codes": [
        0,
        0,
        0,
        0,
        0
      ]
    }
  ]
}
